timestamp,query,location,title,company,job_location,url,source
2025-05-07 19:17:34,Data Analyst,India,Data Analyst,Infosys,"Bengaluru East, Karnataka, India",https://in.linkedin.com/jobs/view/data-analyst-at-infosys-4202701257?position=1&pageNum=0&refId=bnNJ%2FXnLNoOxqHkJF1rLmA%3D%3D&trackingId=qWBES2RYC0vxWHDw4%2Bgm7w%3D%3D,LinkedIn
2025-05-07 19:17:34,Data Analyst,India,Data Analyst,LTIMindtree,"Bangalore Rural, Karnataka, India",https://in.linkedin.com/jobs/view/data-analyst-at-ltimindtree-4207304045?position=2&pageNum=0&refId=bnNJ%2FXnLNoOxqHkJF1rLmA%3D%3D&trackingId=eUuX8pWDmBwHXWczY3izEA%3D%3D,LinkedIn
2025-05-07 19:17:34,Data Analyst,India,Data Analyst,Media.net,"Bengaluru, Karnataka, India",https://in.linkedin.com/jobs/view/data-analyst-at-media-net-4204760326?position=3&pageNum=0&refId=bnNJ%2FXnLNoOxqHkJF1rLmA%3D%3D&trackingId=tLM7xob81QaJ%2Foqgcm98dQ%3D%3D,LinkedIn
2025-05-07 19:17:34,Data Analyst,India,Data Analyst,American Express,"Gurugram, Haryana, India",https://in.linkedin.com/jobs/view/data-analyst-at-american-express-4218801097?position=4&pageNum=0&refId=bnNJ%2FXnLNoOxqHkJF1rLmA%3D%3D&trackingId=cdf6HiNIQhmjbQc3%2BoZl1A%3D%3D,LinkedIn
2025-05-07 19:17:34,Data Analyst,India,Healthcare Data Analyst,Infosys,"Bengaluru East, Karnataka, India",https://in.linkedin.com/jobs/view/healthcare-data-analyst-at-infosys-4217676361?position=5&pageNum=0&refId=bnNJ%2FXnLNoOxqHkJF1rLmA%3D%3D&trackingId=hmcRYXXlUN6tlbeWqlHD4Q%3D%3D,LinkedIn
2025-05-07 19:17:34,Data Analyst,India,Analyst-Data Analytics,American Express,"Gurugram, Haryana, India",https://in.linkedin.com/jobs/view/analyst-data-analytics-at-american-express-4215383593?position=6&pageNum=0&refId=bnNJ%2FXnLNoOxqHkJF1rLmA%3D%3D&trackingId=wbZ6QJ2vUfSEh%2FVB38%2Fvzw%3D%3D,LinkedIn
2025-05-07 19:17:34,Data Analyst,India,Data Analytics,American Express,"Gurugram, Haryana, India",https://in.linkedin.com/jobs/view/data-analytics-at-american-express-4208667752?position=7&pageNum=0&refId=bnNJ%2FXnLNoOxqHkJF1rLmA%3D%3D&trackingId=YXpBrt7KMC%2FKjNfgI%2Foc9w%3D%3D,LinkedIn
2025-05-07 19:17:34,Data Analyst,India,Data Analyst - B,Capgemini,"Bengaluru East, Karnataka, India",https://in.linkedin.com/jobs/view/data-analyst-b-at-capgemini-4223444744?position=8&pageNum=0&refId=bnNJ%2FXnLNoOxqHkJF1rLmA%3D%3D&trackingId=n81OPXf3eF9ftTw2LFYSWA%3D%3D,LinkedIn
2025-05-07 19:17:34,Data Analyst,India,Data Analyst,EXL,"Gurugram, Haryana, India",https://in.linkedin.com/jobs/view/data-analyst-at-exl-4213519447?position=10&pageNum=0&refId=bnNJ%2FXnLNoOxqHkJF1rLmA%3D%3D&trackingId=ep1waSA%2FkLMLXggApfYGQQ%3D%3D,LinkedIn
2025-05-07 19:17:34,Data Analyst,India,Data Analyst,Lotus Interworks,India,https://in.linkedin.com/jobs/view/data-analyst-at-lotus-interworks-4214177702?position=11&pageNum=0&refId=bnNJ%2FXnLNoOxqHkJF1rLmA%3D%3D&trackingId=YClgPm%2BVApemnpEc9wLpJg%3D%3D,LinkedIn
2025-05-07 19:17:34,Data Analyst,India,"Data Analyst - Power BI,Python",UST,"Bengaluru, Karnataka, India",https://in.linkedin.com/jobs/view/data-analyst-power-bi-python-at-ust-4206289910?position=12&pageNum=0&refId=bnNJ%2FXnLNoOxqHkJF1rLmA%3D%3D&trackingId=SStI03d%2BotXWHiU1TLh70A%3D%3D,LinkedIn
2025-05-07 19:17:34,Data Analyst,India,Associate â€“ Data Ops Estimations (Data Business CoE),Bain & Company,"Gurugram, Haryana, India",https://in.linkedin.com/jobs/view/associate-%E2%80%93-data-ops-estimations-data-business-coe-at-bain-company-4206025228?position=13&pageNum=0&refId=bnNJ%2FXnLNoOxqHkJF1rLmA%3D%3D&trackingId=Q2%2B8QUNeuEoaXhrnvLmXEA%3D%3D,LinkedIn
2025-05-07 19:17:34,Data Analyst,India,Data Analyst,Tech Mahindra,"Bengaluru, Karnataka, India",https://in.linkedin.com/jobs/view/data-analyst-at-tech-mahindra-4221500403?position=14&pageNum=0&refId=bnNJ%2FXnLNoOxqHkJF1rLmA%3D%3D&trackingId=IAeO%2FGntOjcP592IfFKb9Q%3D%3D,LinkedIn
2025-05-07 19:17:34,Data Analyst,India,Data Analyst,HCLTech,"Bengaluru, Karnataka, India",https://in.linkedin.com/jobs/view/data-analyst-at-hcltech-4208166942?position=15&pageNum=0&refId=bnNJ%2FXnLNoOxqHkJF1rLmA%3D%3D&trackingId=8zJtkw0F491Eo6Gaoh8nLg%3D%3D,LinkedIn
2025-05-07 19:17:34,Data Analyst,India,Data Analyst Intern- International Brands,Aditya Birla Fashion and Retail Ltd.,"Mumbai, Maharashtra, India",https://in.linkedin.com/jobs/view/data-analyst-intern-international-brands-at-aditya-birla-fashion-and-retail-ltd-4204618144?position=16&pageNum=0&refId=bnNJ%2FXnLNoOxqHkJF1rLmA%3D%3D&trackingId=ho1%2BPcEwVQPwrH0dL20njA%3D%3D,LinkedIn
2025-05-07 19:17:34,Data Analyst,India,"Business Intelligence Analyst, Finance",Google,"Bengaluru, Karnataka, India",https://in.linkedin.com/jobs/view/business-intelligence-analyst-finance-at-google-4193725652?position=17&pageNum=0&refId=bnNJ%2FXnLNoOxqHkJF1rLmA%3D%3D&trackingId=0bOxV%2BhS%2FKzXm%2FYIKfUtLA%3D%3D,LinkedIn
2025-05-07 19:17:34,Data Analyst,India,Data Analyst(Immediate Joiner),Tata Consultancy Services,"Gurugram, Haryana, India",https://in.linkedin.com/jobs/view/data-analyst-immediate-joiner-at-tata-consultancy-services-4212250723?position=18&pageNum=0&refId=bnNJ%2FXnLNoOxqHkJF1rLmA%3D%3D&trackingId=Jh%2BSzWPdU0dpINc9jcTBgg%3D%3D,LinkedIn
2025-05-07 19:17:34,Data Analyst,India,Analyst,slice,"Bengaluru, Karnataka, India",https://in.linkedin.com/jobs/view/analyst-at-slice-4204213359?position=19&pageNum=0&refId=bnNJ%2FXnLNoOxqHkJF1rLmA%3D%3D&trackingId=Vd32%2FZKPy14gdG%2F31svnkw%3D%3D,LinkedIn
2025-05-07 19:17:34,Data Analyst,India,"Data Analyst, Mumbai",Puma Energy,Mumbai Metropolitan Region,https://in.linkedin.com/jobs/view/data-analyst-mumbai-at-puma-energy-4215862456?position=20&pageNum=0&refId=bnNJ%2FXnLNoOxqHkJF1rLmA%3D%3D&trackingId=QEg1osE%2FAknlBKheCYQRxA%3D%3D,LinkedIn
2025-05-07 19:17:34,Data Analyst,India,Data Analyst,Autodesk,"Bengaluru, Karnataka, India",https://in.linkedin.com/jobs/view/data-analyst-at-autodesk-4213309100?position=21&pageNum=0&refId=bnNJ%2FXnLNoOxqHkJF1rLmA%3D%3D&trackingId=90K%2FDk56q%2BxVCgz%2FoXV%2BzQ%3D%3D,LinkedIn
2025-05-07 19:17:34,Data Analyst,India,Data Insights and Analytics,Whatfix,"Bengaluru, Karnataka, India",https://in.linkedin.com/jobs/view/data-insights-and-analytics-at-whatfix-4205507620?position=22&pageNum=0&refId=bnNJ%2FXnLNoOxqHkJF1rLmA%3D%3D&trackingId=0FXY3McEOO3ts7f87Noxhw%3D%3D,LinkedIn
2025-05-07 19:17:34,Data Analyst,India,Reference Data Analyst,Deutsche Bank,"Bengaluru, Karnataka, India",https://in.linkedin.com/jobs/view/reference-data-analyst-at-deutsche-bank-4212136729?position=23&pageNum=0&refId=bnNJ%2FXnLNoOxqHkJF1rLmA%3D%3D&trackingId=ugB5x4VyzUxnTCd7OOn0xA%3D%3D,LinkedIn
2025-05-07 19:17:34,Data Analyst,India,Data Analyst,AU SMALL FINANCE BANK,"Jaipur, Rajasthan, India",https://in.linkedin.com/jobs/view/data-analyst-at-au-small-finance-bank-4218282810?position=24&pageNum=0&refId=bnNJ%2FXnLNoOxqHkJF1rLmA%3D%3D&trackingId=H3YdGOOcDEw15x8tZTRDPA%3D%3D,LinkedIn
2025-05-07 19:17:34,Data Analyst,India,Data Analyst,Rupeek,Greater Bengaluru Area,https://in.linkedin.com/jobs/view/data-analyst-at-rupeek-4204068665?position=25&pageNum=0&refId=bnNJ%2FXnLNoOxqHkJF1rLmA%3D%3D&trackingId=X0LYwBsDAiEbOzA8Auy8sg%3D%3D,LinkedIn
2025-05-07 19:17:34,Data Analyst,India,Data Impact Analyst,PepsiCo,"Hyderabad, Telangana, India",https://in.linkedin.com/jobs/view/data-impact-analyst-at-pepsico-4199457712?position=26&pageNum=0&refId=bnNJ%2FXnLNoOxqHkJF1rLmA%3D%3D&trackingId=TKqNDTitffkmGzAuDhBCGw%3D%3D,LinkedIn
2025-05-07 19:17:34,Data Analyst,India,Social Insights Analyst,Schbang,"Mumbai, Maharashtra, India",https://in.linkedin.com/jobs/view/social-insights-analyst-at-schbang-4206037567?position=27&pageNum=0&refId=bnNJ%2FXnLNoOxqHkJF1rLmA%3D%3D&trackingId=9VqNWX6IiHVmQ0sX9V53uw%3D%3D,LinkedIn
2025-05-07 19:17:34,Data Analyst,India,Data Analyst,VOIS,"Pune, Maharashtra, India",https://in.linkedin.com/jobs/view/data-analyst-at-vois-4217299105?position=28&pageNum=0&refId=bnNJ%2FXnLNoOxqHkJF1rLmA%3D%3D&trackingId=SGc7sI55Yb6SatD%2BCGd9RQ%3D%3D,LinkedIn
2025-05-07 19:17:34,Data Analyst,India,Data Analyst,Adecco,Greater Bengaluru Area,https://in.linkedin.com/jobs/view/data-analyst-at-adecco-4210576392?position=29&pageNum=0&refId=bnNJ%2FXnLNoOxqHkJF1rLmA%3D%3D&trackingId=StsYrUSYyd3AKlfmWbjRjQ%3D%3D,LinkedIn
2025-05-07 19:17:34,Data Analyst,India,Data Analyst,RingCentral,"Bengaluru, Karnataka, India",https://in.linkedin.com/jobs/view/data-analyst-at-ringcentral-4199596456?position=31&pageNum=0&refId=bnNJ%2FXnLNoOxqHkJF1rLmA%3D%3D&trackingId=A%2BX2RDM2kr9VIblVXUCisA%3D%3D,LinkedIn
2025-05-07 19:17:34,Data Analyst,India,"Associate Technical Product Analyst, Data & Analytics Platform [T500-17444]",McDonald's,"Hyderabad, Telangana, India",https://in.linkedin.com/jobs/view/associate-technical-product-analyst-data-analytics-platform-t500-17444-at-mcdonald-s-4211299401?position=32&pageNum=0&refId=bnNJ%2FXnLNoOxqHkJF1rLmA%3D%3D&trackingId=cAk2EeGefmSJY9j193HjgQ%3D%3D,LinkedIn
2025-05-07 19:17:34,Data Analyst,India,Data Analyst,dentsu,"Mumbai, Maharashtra, India",https://in.linkedin.com/jobs/view/data-analyst-at-dentsu-4211579440?position=33&pageNum=0&refId=bnNJ%2FXnLNoOxqHkJF1rLmA%3D%3D&trackingId=v7gEgbQH0wqm8%2FT6fkPzxw%3D%3D,LinkedIn
2025-05-07 19:17:34,Data Analyst,India,Data Analyst,UBS,Mumbai Metropolitan Region,https://in.linkedin.com/jobs/view/data-analyst-at-ubs-4212679952?position=34&pageNum=0&refId=bnNJ%2FXnLNoOxqHkJF1rLmA%3D%3D&trackingId=ooywAY%2BA90xneVVHZnT6Sg%3D%3D,LinkedIn
2025-05-07 19:17:34,Data Analyst,India,Data Analyst,CUS Solution,India,https://in.linkedin.com/jobs/view/data-analyst-at-cus-solution-4220334733?position=35&pageNum=0&refId=bnNJ%2FXnLNoOxqHkJF1rLmA%3D%3D&trackingId=2pOYDgExiTn0paqmOVBh8A%3D%3D,LinkedIn
2025-05-07 19:17:34,Data Analyst,India,Senior Data Analyst,Flipkart,"Bengaluru, Karnataka, India",https://in.linkedin.com/jobs/view/senior-data-analyst-at-flipkart-4219128267?position=36&pageNum=0&refId=bnNJ%2FXnLNoOxqHkJF1rLmA%3D%3D&trackingId=HhQ0Qtm0%2BMBbGFn5erU8CQ%3D%3D,LinkedIn
2025-05-07 19:17:34,Data Analyst,India,Analyst - Dashboards & Automation - USI,Deloitte,"Hyderabad, Telangana, India",https://in.linkedin.com/jobs/view/analyst-dashboards-automation-usi-at-deloitte-4197782917?position=37&pageNum=0&refId=bnNJ%2FXnLNoOxqHkJF1rLmA%3D%3D&trackingId=CJCq0HjBaF7T7LXuMyFm4w%3D%3D,LinkedIn
2025-05-07 19:17:34,Data Analyst,India,Shiprocket - Data Analyst - SQL,Shiprocket,"Gurugram, Haryana, India",https://in.linkedin.com/jobs/view/shiprocket-data-analyst-sql-at-shiprocket-4205340775?position=38&pageNum=0&refId=bnNJ%2FXnLNoOxqHkJF1rLmA%3D%3D&trackingId=M0K1H4s7AnUZ0q4XsgvFNA%3D%3D,LinkedIn
2025-05-07 19:17:34,Data Analyst,India,Business Insights Analyst,NAB,"Gurugram, Haryana, India",https://in.linkedin.com/jobs/view/business-insights-analyst-at-nab-4208606931?position=39&pageNum=0&refId=bnNJ%2FXnLNoOxqHkJF1rLmA%3D%3D&trackingId=%2F%2B3LF6OprRU42KZvZiEC1w%3D%3D,LinkedIn
2025-05-07 19:17:34,Data Analyst,India,Data Analyst,Midtown Software,"Chandigarh, India",https://in.linkedin.com/jobs/view/data-analyst-at-midtown-software-4190385170?position=40&pageNum=0&refId=bnNJ%2FXnLNoOxqHkJF1rLmA%3D%3D&trackingId=3pPjn7S6mvtXjDhdYR1C8w%3D%3D,LinkedIn
2025-05-07 19:17:34,Data Analyst,India,Data Analyst,Capgemini,"Bengaluru East, Karnataka, India",https://in.linkedin.com/jobs/view/data-analyst-at-capgemini-4214026419?position=41&pageNum=0&refId=bnNJ%2FXnLNoOxqHkJF1rLmA%3D%3D&trackingId=azSVKZPdodjwdoJG3aB3Vg%3D%3D,LinkedIn
2025-05-07 19:17:34,Data Analyst,India,Reporting Analyst,Korn Ferry,"Bangalore Urban, Karnataka, India",https://in.linkedin.com/jobs/view/reporting-analyst-at-korn-ferry-4217155434?position=42&pageNum=0&refId=bnNJ%2FXnLNoOxqHkJF1rLmA%3D%3D&trackingId=UUZ260HxHxcMvsyjz9nnUA%3D%3D,LinkedIn
2025-05-07 19:17:34,Data Analyst,India,Data Analyst,C5i,"Bengaluru, Karnataka, India",https://in.linkedin.com/jobs/view/data-analyst-at-c5i-4213533686?position=43&pageNum=0&refId=bnNJ%2FXnLNoOxqHkJF1rLmA%3D%3D&trackingId=t6x1UePCcl2WFnzv1e%2BlIw%3D%3D,LinkedIn
2025-05-07 19:17:34,Data Analyst,India,"Analytics Analyst, NCT",Deutsche Bank,"Jaipur, Rajasthan, India",https://in.linkedin.com/jobs/view/analytics-analyst-nct-at-deutsche-bank-4205763474?position=44&pageNum=0&refId=bnNJ%2FXnLNoOxqHkJF1rLmA%3D%3D&trackingId=9ktjKvB%2BhHxpBJubdRY89g%3D%3D,LinkedIn
2025-05-07 19:17:34,Data Analyst,India,Associate Business Finance (Data Analyst),Cleartrip,"Bengaluru, Karnataka, India",https://in.linkedin.com/jobs/view/associate-business-finance-data-analyst-at-cleartrip-4207300501?position=45&pageNum=0&refId=bnNJ%2FXnLNoOxqHkJF1rLmA%3D%3D&trackingId=mIE5zKb5gB9U%2FhuvEQ3Bbw%3D%3D,LinkedIn
2025-05-07 19:17:34,Data Analyst,India,Business Intelligence Specialist,Adobe,"Bengaluru, Karnataka, India",https://in.linkedin.com/jobs/view/business-intelligence-specialist-at-adobe-4203864531?position=46&pageNum=0&refId=bnNJ%2FXnLNoOxqHkJF1rLmA%3D%3D&trackingId=HW9%2FexhLkDa2xgCwQTk1pg%3D%3D,LinkedIn
2025-05-07 19:17:34,Data Analyst,India,Reporting Analysts -Americas,EY,"Gurugram, Haryana, India",https://in.linkedin.com/jobs/view/reporting-analysts-americas-at-ey-4211296420?position=47&pageNum=0&refId=bnNJ%2FXnLNoOxqHkJF1rLmA%3D%3D&trackingId=Ztfte56PHuNLRwe5FZ6QYw%3D%3D,LinkedIn
2025-05-07 19:17:34,Data Analyst,India,"Business Systems Analyst, Early Career",Google,"Bengaluru, Karnataka, India",https://in.linkedin.com/jobs/view/business-systems-analyst-early-career-at-google-4213366029?position=49&pageNum=0&refId=bnNJ%2FXnLNoOxqHkJF1rLmA%3D%3D&trackingId=evJG1QgGMaB9mYe9RXeHuw%3D%3D,LinkedIn
2025-05-07 19:17:34,Data Analyst,India,"Associate Consultant, Data Science",IQVIA,"Bengaluru, Karnataka, India",https://in.linkedin.com/jobs/view/associate-consultant-data-science-at-iqvia-4213374958?position=50&pageNum=0&refId=bnNJ%2FXnLNoOxqHkJF1rLmA%3D%3D&trackingId=mW1A8UK8Q2eYRF3fxpTI2g%3D%3D,LinkedIn
2025-05-07 19:17:34,Data Analyst,India,Client Data Analyst,JPMorganChase,"Bengaluru, Karnataka, India",https://in.linkedin.com/jobs/view/client-data-analyst-at-jpmorganchase-4212199314?position=51&pageNum=0&refId=bnNJ%2FXnLNoOxqHkJF1rLmA%3D%3D&trackingId=kSK2TS89AO16mLWt%2FVZMew%3D%3D,LinkedIn
2025-05-07 19:17:34,Data Analyst,India,Data Analyst (Macros+Power BI),MResult,"Bengaluru, Karnataka, India",https://in.linkedin.com/jobs/view/data-analyst-macros%2Bpower-bi-at-mresult-4215845300?position=52&pageNum=0&refId=bnNJ%2FXnLNoOxqHkJF1rLmA%3D%3D&trackingId=ZY6%2BCY9yjVh7s4JTxwzW0Q%3D%3D,LinkedIn
2025-05-07 19:17:34,Data Analyst,India,Marketing Insights Analyst,Kraft Heinz,"Ahmedabad, Gujarat, India",https://in.linkedin.com/jobs/view/marketing-insights-analyst-at-kraft-heinz-4205924805?position=53&pageNum=0&refId=bnNJ%2FXnLNoOxqHkJF1rLmA%3D%3D&trackingId=EQZJAKomtt7wwL6koiPTnw%3D%3D,LinkedIn
2025-05-07 19:17:34,Data Analyst,India,Analyst-Data Science,American Express,"Gurugram, Haryana, India",https://in.linkedin.com/jobs/view/analyst-data-science-at-american-express-4220183184?position=54&pageNum=0&refId=bnNJ%2FXnLNoOxqHkJF1rLmA%3D%3D&trackingId=AF1Fz8PAdpg63ngxgXWUww%3D%3D,LinkedIn
2025-05-07 19:17:34,Data Analyst,India,Data Analyst,Workiy Inc.,"Bengaluru, Karnataka, India",https://in.linkedin.com/jobs/view/data-analyst-at-workiy-inc-4214002368?position=55&pageNum=0&refId=bnNJ%2FXnLNoOxqHkJF1rLmA%3D%3D&trackingId=B1Xh6MGDVsDCxa1lPQ9nXw%3D%3D,LinkedIn
2025-05-07 19:17:34,Data Analyst,India,Data Analyst,Aon,"Bengaluru, Karnataka, India",https://in.linkedin.com/jobs/view/data-analyst-at-aon-4217126988?position=56&pageNum=0&refId=bnNJ%2FXnLNoOxqHkJF1rLmA%3D%3D&trackingId=W54wJSgfbz3Lad7O8bHEww%3D%3D,LinkedIn
2025-05-07 19:17:34,Data Analyst,India,Business Intelligence Analyst,American Express Global Business Travel,India,https://in.linkedin.com/jobs/view/business-intelligence-analyst-at-american-express-global-business-travel-4199156068?position=57&pageNum=0&refId=bnNJ%2FXnLNoOxqHkJF1rLmA%3D%3D&trackingId=6RgXTcoikTSWeNtJuBiyCA%3D%3D,LinkedIn
2025-05-07 19:17:34,Data Analyst,India,Data Associate - Gurgaon,Circles,"Gurgaon, Haryana, India",https://in.linkedin.com/jobs/view/data-associate-gurgaon-at-circles-4208162528?position=58&pageNum=0&refId=bnNJ%2FXnLNoOxqHkJF1rLmA%3D%3D&trackingId=tEfgaHUbfG%2FWCFQNJx14LA%3D%3D,LinkedIn
2025-05-07 19:17:34,Data Analyst,India,Senior Data Analyst,eBay,"Bengaluru, Karnataka, India",https://in.linkedin.com/jobs/view/senior-data-analyst-at-ebay-4208308840?position=59&pageNum=0&refId=bnNJ%2FXnLNoOxqHkJF1rLmA%3D%3D&trackingId=VgOZpGfFMG2OG5SndLoBVg%3D%3D,LinkedIn
2025-05-07 19:17:53,Software Engineer,Remote,"Software Engineer, Early Career, Campus",Google,"London, England, United Kingdom",https://uk.linkedin.com/jobs/view/software-engineer-early-career-campus-at-google-4222882355?position=1&pageNum=0&refId=uwKAiCVcF%2FGbtdVX0dIWRg%3D%3D&trackingId=misN1a%2FKgj9OAIPDt73lIQ%3D%3D,LinkedIn
2025-05-07 19:17:53,Software Engineer,Remote,Software Engineer,Microsoft,"Bengaluru, Karnataka, India",https://in.linkedin.com/jobs/view/software-engineer-at-microsoft-4224309580?position=2&pageNum=0&refId=uwKAiCVcF%2FGbtdVX0dIWRg%3D%3D&trackingId=GKEuzoWXVd0ZM61y7%2BxWsQ%3D%3D,LinkedIn
2025-05-07 19:17:53,Software Engineer,Remote,Software Engineer,Capgemini,"Bengaluru East, Karnataka, India",https://in.linkedin.com/jobs/view/software-engineer-at-capgemini-4222731847?position=3&pageNum=0&refId=uwKAiCVcF%2FGbtdVX0dIWRg%3D%3D&trackingId=Ga8ClOLPfMIojKcoY%2BYrzw%3D%3D,LinkedIn
2025-05-07 19:17:53,Software Engineer,Remote,"SDE Backend (Full Time, Remote)",Hike,"Delhi, India",https://in.linkedin.com/jobs/view/sde-backend-full-time-remote-at-hike-4223322996?position=4&pageNum=0&refId=uwKAiCVcF%2FGbtdVX0dIWRg%3D%3D&trackingId=ZrFI6JVYAlRH48aAwAsUmw%3D%3D,LinkedIn
2025-05-07 19:17:53,Software Engineer,Remote,Software Developer 1,Oracle,"Bengaluru, Karnataka, India",https://in.linkedin.com/jobs/view/software-developer-1-at-oracle-4222294396?position=5&pageNum=0&refId=uwKAiCVcF%2FGbtdVX0dIWRg%3D%3D&trackingId=0tGVn%2BENqiS07X%2BX3uSF0w%3D%3D,LinkedIn
2025-05-07 19:17:53,Software Engineer,Remote,"Software Engineer, Front End",Meta,"San Francisco, CA",https://www.linkedin.com/jobs/view/software-engineer-front-end-at-meta-4220880181?position=12&pageNum=0&refId=uwKAiCVcF%2FGbtdVX0dIWRg%3D%3D&trackingId=WmzaQtii%2BCK2eRmMSUQgfg%3D%3D,LinkedIn
2025-05-07 19:17:53,Software Engineer,Remote,Full Stack Software Engineer,Calm,"San Francisco, CA",https://www.linkedin.com/jobs/view/full-stack-software-engineer-at-calm-4223978857?position=13&pageNum=0&refId=uwKAiCVcF%2FGbtdVX0dIWRg%3D%3D&trackingId=XsP%2FIMqJMzkmWUFLNBegyQ%3D%3D,LinkedIn
2025-05-07 19:17:53,Software Engineer,Remote,SDE-1,Amazon,"Bengaluru, Karnataka, India",https://in.linkedin.com/jobs/view/sde-1-at-amazon-4224597452?position=15&pageNum=0&refId=uwKAiCVcF%2FGbtdVX0dIWRg%3D%3D&trackingId=PIRW45Tn5rJEMn%2BdQc%2ByLQ%3D%3D,LinkedIn
2025-05-07 19:17:53,Software Engineer,Remote,Software Engineer - Web Full-Stack,Firsthand,"New York, NY",https://www.linkedin.com/jobs/view/software-engineer-web-full-stack-at-firsthand-4225172594?position=16&pageNum=0&refId=uwKAiCVcF%2FGbtdVX0dIWRg%3D%3D&trackingId=AzsZO6ubDRzh%2FaDqsUHPzQ%3D%3D,LinkedIn
2025-05-07 19:17:53,Software Engineer,Remote,Software Engineer (Frontend) - Early in Career,SPLUNK SERVICES UK LIMITED,"Indiana, United States",https://www.linkedin.com/jobs/view/software-engineer-frontend-early-in-career-at-splunk-services-uk-limited-4223255343?position=17&pageNum=0&refId=uwKAiCVcF%2FGbtdVX0dIWRg%3D%3D&trackingId=lOdjXwQLwXWLI0tz8C5paA%3D%3D,LinkedIn
2025-05-07 19:17:53,Software Engineer,Remote,Software Engineer,PhonePe,"Bengaluru, Karnataka, India",https://in.linkedin.com/jobs/view/software-engineer-at-phonepe-4223296482?position=18&pageNum=0&refId=uwKAiCVcF%2FGbtdVX0dIWRg%3D%3D&trackingId=2WYqUd6PeYtU54eLl24t%2BA%3D%3D,LinkedIn
2025-05-07 19:17:53,Software Engineer,Remote,Software Engineer,Deep Sky,"Los Angeles, CA",https://www.linkedin.com/jobs/view/software-engineer-at-deep-sky-4224022904?position=19&pageNum=0&refId=uwKAiCVcF%2FGbtdVX0dIWRg%3D%3D&trackingId=JWB1ysMWjmPkwH52tBIw6A%3D%3D,LinkedIn
2025-05-07 19:17:53,Software Engineer,Remote,"Software Engineer, Backend",Hayden AI,"San Francisco, CA",https://www.linkedin.com/jobs/view/software-engineer-backend-at-hayden-ai-4221959281?position=20&pageNum=0&refId=uwKAiCVcF%2FGbtdVX0dIWRg%3D%3D&trackingId=iTX0HY%2Bwm%2FX0095M7otlnQ%3D%3D,LinkedIn
2025-05-07 19:17:53,Software Engineer,Remote,Software Engineer,Veracity Software Inc,"San Francisco, CA",https://www.linkedin.com/jobs/view/software-engineer-at-veracity-software-inc-4222617867?position=21&pageNum=0&refId=uwKAiCVcF%2FGbtdVX0dIWRg%3D%3D&trackingId=45Qfe0HHR8Ipd%2B5z1TH35w%3D%3D,LinkedIn
2025-05-07 19:17:53,Software Engineer,Remote,"Software Engineer, Front End",Maybern,"New York, NY",https://www.linkedin.com/jobs/view/software-engineer-front-end-at-maybern-4224859153?position=22&pageNum=0&refId=uwKAiCVcF%2FGbtdVX0dIWRg%3D%3D&trackingId=pXwbapAwfBOVMljlqNfUaw%3D%3D,LinkedIn
2025-05-07 19:17:53,Software Engineer,Remote,Software Engineer - Frontend,MotherDuck,"Seattle, WA",https://www.linkedin.com/jobs/view/software-engineer-frontend-at-motherduck-4224857219?position=23&pageNum=0&refId=uwKAiCVcF%2FGbtdVX0dIWRg%3D%3D&trackingId=vd%2B%2Bd24wSxgepDjSJGG9LA%3D%3D,LinkedIn
2025-05-07 19:17:53,Software Engineer,Remote,"Software Engineer, Frontend - 2025",Slash,"San Francisco, CA",https://www.linkedin.com/jobs/view/software-engineer-frontend-2025-at-slash-4222427163?position=24&pageNum=0&refId=uwKAiCVcF%2FGbtdVX0dIWRg%3D%3D&trackingId=2alnGgSXUZuOqkwsG42NmQ%3D%3D,LinkedIn
2025-05-07 19:17:53,Software Engineer,Remote,SDE 1 (Backend),slice,"Bengaluru, Karnataka, India",https://in.linkedin.com/jobs/view/sde-1-backend-at-slice-4224566614?position=25&pageNum=0&refId=uwKAiCVcF%2FGbtdVX0dIWRg%3D%3D&trackingId=ZVY8EYvrfSccKo25djHu7w%3D%3D,LinkedIn
2025-05-07 19:17:53,Software Engineer,Remote,Backend Software Engineer,Firework,"San Mateo, CA",https://www.linkedin.com/jobs/view/backend-software-engineer-at-firework-4224169434?position=27&pageNum=0&refId=uwKAiCVcF%2FGbtdVX0dIWRg%3D%3D&trackingId=IQv6Bbh7c4JS9m28wWqzkA%3D%3D,LinkedIn
2025-05-07 19:17:53,Software Engineer,Remote,SDE-1,Prepleaf by Masai,India,https://in.linkedin.com/jobs/view/sde-1-at-prepleaf-by-masai-4223313491?position=28&pageNum=0&refId=uwKAiCVcF%2FGbtdVX0dIWRg%3D%3D&trackingId=2tar3EVe0V%2Fe29snsfgnGg%3D%3D,LinkedIn
2025-05-07 19:17:53,Software Engineer,Remote,Full Stack Engineer - Internship Fall 2025 (Meraki),Cisco,"San Francisco, CA",https://www.linkedin.com/jobs/view/full-stack-engineer-internship-fall-2025-meraki-at-cisco-4224823582?position=29&pageNum=0&refId=uwKAiCVcF%2FGbtdVX0dIWRg%3D%3D&trackingId=UbneJ2UY4Oe9%2BNGU6d%2B9rg%3D%3D,LinkedIn
2025-05-07 19:17:53,Software Engineer,Remote,Junior Full Stack Developer,TCG,"Washington, DC",https://www.linkedin.com/jobs/view/junior-full-stack-developer-at-tcg-4224845735?position=31&pageNum=0&refId=uwKAiCVcF%2FGbtdVX0dIWRg%3D%3D&trackingId=3WF%2FL1OnvYmCj4EcUP%2FzEA%3D%3D,LinkedIn
2025-05-07 19:17:53,Software Engineer,Remote,Software Engineer I,Visa,"Austin, TX",https://www.linkedin.com/jobs/view/software-engineer-i-at-visa-4221879698?position=32&pageNum=0&refId=uwKAiCVcF%2FGbtdVX0dIWRg%3D%3D&trackingId=NSpO6OQnotYQ8MqfxE7gkw%3D%3D,LinkedIn
2025-05-07 19:17:53,Software Engineer,Remote,Software Engineer,Breeze Airwaysâ„¢,"Cottonwood Heights, UT",https://www.linkedin.com/jobs/view/software-engineer-at-breeze-airways%E2%84%A2-4224895940?position=33&pageNum=0&refId=uwKAiCVcF%2FGbtdVX0dIWRg%3D%3D&trackingId=jflOGph11jkbmePIHUiXoA%3D%3D,LinkedIn
2025-05-07 19:17:53,Software Engineer,Remote,Software Engineer,Savvy Wealth,"New York, NY",https://www.linkedin.com/jobs/view/software-engineer-at-savvy-wealth-4222262957?position=34&pageNum=0&refId=uwKAiCVcF%2FGbtdVX0dIWRg%3D%3D&trackingId=Eb1yRE9A1ElY6YpKx55Ktg%3D%3D,LinkedIn
2025-05-07 19:17:53,Software Engineer,Remote,Software Engineer I,EQ Bank | Equitable Bank,"Toronto, Ontario, Canada",https://ca.linkedin.com/jobs/view/software-engineer-i-at-eq-bank-equitable-bank-4223938027?position=35&pageNum=0&refId=uwKAiCVcF%2FGbtdVX0dIWRg%3D%3D&trackingId=rAm85MCApvyAVgIWi%2B1QXQ%3D%3D,LinkedIn
2025-05-07 19:17:53,Software Engineer,Remote,Software Developer,Mappedin,"Waterloo, Ontario, Canada",https://ca.linkedin.com/jobs/view/software-developer-at-mappedin-4223220739?position=36&pageNum=0&refId=uwKAiCVcF%2FGbtdVX0dIWRg%3D%3D&trackingId=Rkzrhauh%2FazZcn%2Biei9J9g%3D%3D,LinkedIn
2025-05-07 19:17:53,Software Engineer,Remote,Software Engineer,Lockheed Martin,"Grand Prairie, TX",https://www.linkedin.com/jobs/view/software-engineer-at-lockheed-martin-4222646673?position=37&pageNum=0&refId=uwKAiCVcF%2FGbtdVX0dIWRg%3D%3D&trackingId=LN619jP7QO0PEFf7Eur3qQ%3D%3D,LinkedIn
2025-05-07 19:17:53,Software Engineer,Remote,"Software Engineering Intern (Summer 2025, Masters, No relocation)",Sandisk,"Milpitas, CA",https://www.linkedin.com/jobs/view/software-engineering-intern-summer-2025-masters-no-relocation-at-sandisk-4224842982?position=38&pageNum=0&refId=uwKAiCVcF%2FGbtdVX0dIWRg%3D%3D&trackingId=3zQEB03KmfwQutdBKYa%2FWg%3D%3D,LinkedIn
2025-05-07 19:17:53,Software Engineer,Remote,MERN Stack Developer,Devsinc,"Lahore, Punjab, Pakistan",https://pk.linkedin.com/jobs/view/mern-stack-developer-at-devsinc-4224378171?position=39&pageNum=0&refId=uwKAiCVcF%2FGbtdVX0dIWRg%3D%3D&trackingId=Ki8PUkg1NzZAs8LvVGLJIQ%3D%3D,LinkedIn
2025-05-07 19:17:53,Software Engineer,Remote,Software Engineer Intern - Fall Session (September - December 2025),NimbleRx,"Redwood City, CA",https://www.linkedin.com/jobs/view/software-engineer-intern-fall-session-september-december-2025-at-nimblerx-4224509177?position=41&pageNum=0&refId=uwKAiCVcF%2FGbtdVX0dIWRg%3D%3D&trackingId=sgRJYRbBtCXfz5KYVyPcug%3D%3D,LinkedIn
2025-05-07 19:17:53,Software Engineer,Remote,Java Software Engineer,MakeMyTrip,"Bangalore Urban, Karnataka, India",https://in.linkedin.com/jobs/view/java-software-engineer-at-makemytrip-4223464901?position=42&pageNum=0&refId=uwKAiCVcF%2FGbtdVX0dIWRg%3D%3D&trackingId=65N2jcqEsmGqcNuo%2Fwctvw%3D%3D,LinkedIn
2025-05-07 19:17:53,Software Engineer,Remote,Software Engineer,"Tagup, Inc.","New York, NY",https://www.linkedin.com/jobs/view/software-engineer-at-tagup-inc-4224155203?position=43&pageNum=0&refId=uwKAiCVcF%2FGbtdVX0dIWRg%3D%3D&trackingId=SG%2F3vPey%2F3EigOcpSSC2hg%3D%3D,LinkedIn
2025-05-07 19:17:53,Software Engineer,Remote,Jr. Software Engineer,OptiSigns Inc.,"Houston, TX",https://www.linkedin.com/jobs/view/jr-software-engineer-at-optisigns-inc-4224010143?position=44&pageNum=0&refId=uwKAiCVcF%2FGbtdVX0dIWRg%3D%3D&trackingId=m7TCtc1IOfS5vGxkzW1hrQ%3D%3D,LinkedIn
2025-05-07 19:17:53,Software Engineer,Remote,Software Engineer,Rokt,"New York, NY",https://www.linkedin.com/jobs/view/software-engineer-at-rokt-4222244307?position=46&pageNum=0&refId=uwKAiCVcF%2FGbtdVX0dIWRg%3D%3D&trackingId=BbpIEu9TcfQMjrlkQGWkuw%3D%3D,LinkedIn
2025-05-07 19:17:53,Software Engineer,Remote,Jr. Software Engineer,"Changeis, Inc.","Oklahoma, United States",https://www.linkedin.com/jobs/view/jr-software-engineer-at-changeis-inc-4222415212?position=47&pageNum=0&refId=uwKAiCVcF%2FGbtdVX0dIWRg%3D%3D&trackingId=s8YgUtsMKGZO6pVK9oNl4w%3D%3D,LinkedIn
2025-05-07 19:17:53,Software Engineer,Remote,Software Engineer,ASOS.com,"London, England, United Kingdom",https://uk.linkedin.com/jobs/view/software-engineer-at-asos-com-4223314459?position=48&pageNum=0&refId=uwKAiCVcF%2FGbtdVX0dIWRg%3D%3D&trackingId=Z1sQfDcIZj%2BrQ%2FdFW41tAw%3D%3D,LinkedIn
2025-05-07 19:17:53,Software Engineer,Remote,Software Engineer | Fullstack,Formal,"San Francisco, CA",https://www.linkedin.com/jobs/view/software-engineer-fullstack-at-formal-4225133571?position=49&pageNum=0&refId=uwKAiCVcF%2FGbtdVX0dIWRg%3D%3D&trackingId=ApA54NhdFKnJSrhD6tHORw%3D%3D,LinkedIn
2025-05-07 19:17:53,Software Engineer,Remote,Software Engineer â€” Frontend,Snorkel AI,San Francisco Bay Area,https://www.linkedin.com/jobs/view/software-engineer-%E2%80%94-frontend-at-snorkel-ai-4222253942?position=50&pageNum=0&refId=uwKAiCVcF%2FGbtdVX0dIWRg%3D%3D&trackingId=gPwWufeOWjL6QmmNHSSO9Q%3D%3D,LinkedIn
2025-05-07 19:17:53,Software Engineer,Remote,Web Developer,CTOS,"Petaling Jaya, Selangor, Malaysia",https://my.linkedin.com/jobs/view/web-developer-at-ctos-4222014939?position=51&pageNum=0&refId=uwKAiCVcF%2FGbtdVX0dIWRg%3D%3D&trackingId=WRO2VAMNV4JY81TocO3Bjg%3D%3D,LinkedIn
2025-05-07 19:17:53,Software Engineer,Remote,Front-End Software Engineer,Bask Health,"New York, NY",https://www.linkedin.com/jobs/view/front-end-software-engineer-at-bask-health-4224010346?position=52&pageNum=0&refId=uwKAiCVcF%2FGbtdVX0dIWRg%3D%3D&trackingId=Usuz%2B9MBQDwfdt3CoqMXxQ%3D%3D,LinkedIn
2025-05-07 19:17:53,Software Engineer,Remote,Front-End Software Engineer (Web Developer),RouteSmart Technologies,"Melville, NY",https://www.linkedin.com/jobs/view/front-end-software-engineer-web-developer-at-routesmart-technologies-4221949584?position=53&pageNum=0&refId=uwKAiCVcF%2FGbtdVX0dIWRg%3D%3D&trackingId=W9FXge%2FMCCSiBo76cTw%2FJg%3D%3D,LinkedIn
2025-05-07 19:17:53,Software Engineer,Remote,Software Engineer,DigiCert,"Bengaluru, Karnataka, India",https://in.linkedin.com/jobs/view/software-engineer-at-digicert-4222052081?position=54&pageNum=0&refId=uwKAiCVcF%2FGbtdVX0dIWRg%3D%3D&trackingId=KRyVSMDFcGsszGmYlZHsyQ%3D%3D,LinkedIn
2025-05-07 19:17:53,Software Engineer,Remote,Software Engineer,Plenful,"San Francisco, CA",https://www.linkedin.com/jobs/view/software-engineer-at-plenful-4223278488?position=55&pageNum=0&refId=uwKAiCVcF%2FGbtdVX0dIWRg%3D%3D&trackingId=4lF6N%2FRhitO1ZMkNCjJPZg%3D%3D,LinkedIn
2025-05-07 19:17:53,Software Engineer,Remote,Full Stack Software Engineer,Orum ðŸ¥‡,United States,https://www.linkedin.com/jobs/view/full-stack-software-engineer-at-orum-%F0%9F%A5%87-4224169165?position=57&pageNum=0&refId=uwKAiCVcF%2FGbtdVX0dIWRg%3D%3D&trackingId=Te4eEp7S3KLPqUSJrAaLtw%3D%3D,LinkedIn
2025-05-07 19:17:53,Software Engineer,Remote,Software Engineer -2,Microsoft,"Hyderabad, Telangana, India",https://in.linkedin.com/jobs/view/software-engineer-2-at-microsoft-4224308849?position=59&pageNum=0&refId=uwKAiCVcF%2FGbtdVX0dIWRg%3D%3D&trackingId=nf5GV6DBrTHVriD8IUe1nA%3D%3D,LinkedIn
2025-05-07 19:17:53,Software Engineer,Remote,SE-Backend (3-5 YOE ) - Pincode,PhonePe,"Bengaluru, Karnataka, India",https://in.linkedin.com/jobs/view/se-backend-3-5-yoe-pincode-at-phonepe-4224586771?position=60&pageNum=0&refId=uwKAiCVcF%2FGbtdVX0dIWRg%3D%3D&trackingId=fHz5jeoKSTZeHDkWZ%2FAPMQ%3D%3D,LinkedIn
2025-05-07 19:31:07,Project Manager,Delhi,Project Manager,ted,"Cincinnati, OH",https://www.linkedin.com/jobs/view/project-manager-at-ted-4175598858?position=1&pageNum=0&refId=G8miF288klK5lezt6FCLtA%3D%3D&trackingId=qkGZGHNaJ%2BR8J4kByleaIw%3D%3D,LinkedIn
2025-05-07 19:31:07,Project Manager,Delhi,Construction Project Manager - Mid West,"Wawa, Inc.",Cincinnati Metropolitan Area,https://www.linkedin.com/jobs/view/construction-project-manager-mid-west-at-wawa-inc-4205646161?position=2&pageNum=0&refId=G8miF288klK5lezt6FCLtA%3D%3D&trackingId=lmRVVjpMZvMk7nbxZOfihQ%3D%3D,LinkedIn
2025-05-07 19:31:07,Project Manager,Delhi,Project Manager,RWS Global,"Cincinnati, OH",https://www.linkedin.com/jobs/view/project-manager-at-rws-global-4176710491?position=3&pageNum=0&refId=G8miF288klK5lezt6FCLtA%3D%3D&trackingId=GjtItxpcDIrERhYbaFVUeA%3D%3D,LinkedIn
2025-05-07 19:31:07,Project Manager,Delhi,Project Manager,Johnson & Johnson,"Cincinnati, OH",https://www.linkedin.com/jobs/view/project-manager-at-johnson-johnson-4221367077?position=4&pageNum=0&refId=G8miF288klK5lezt6FCLtA%3D%3D&trackingId=AsxHronqa0WOZqpXGKiEQA%3D%3D,LinkedIn
2025-05-07 19:31:07,Project Manager,Delhi,Entry-Level Project Manager,Epic,"Cincinnati, OH",https://www.linkedin.com/jobs/view/entry-level-project-manager-at-epic-3864451973?position=5&pageNum=0&refId=G8miF288klK5lezt6FCLtA%3D%3D&trackingId=H3l49s1i4NRL65esdJyj5w%3D%3D,LinkedIn
2025-05-07 19:31:07,Project Manager,Delhi,Enterprise Project Manager,BlueStar US,"Hebron, KY",https://www.linkedin.com/jobs/view/enterprise-project-manager-at-bluestar-us-4217997870?position=6&pageNum=0&refId=G8miF288klK5lezt6FCLtA%3D%3D&trackingId=TzTh51Ng1EbD4ef3k6oi%2BA%3D%3D,LinkedIn
2025-05-07 19:31:07,Project Manager,Delhi,Senior Project Manager,Triversity Construction,"Cincinnati, OH",https://www.linkedin.com/jobs/view/senior-project-manager-at-triversity-construction-4132965785?position=7&pageNum=0&refId=G8miF288klK5lezt6FCLtA%3D%3D&trackingId=kRKeoTGdaVdL1BFKYxplAQ%3D%3D,LinkedIn
2025-05-07 19:31:07,Project Manager,Delhi,Research & Development Project Manager,Kao Corporation,"Cincinnati, OH",https://www.linkedin.com/jobs/view/research-development-project-manager-at-kao-corporation-4184207012?position=8&pageNum=0&refId=G8miF288klK5lezt6FCLtA%3D%3D&trackingId=RkRRVhpaGFBel9edO43ZNQ%3D%3D,LinkedIn
2025-05-07 19:31:07,Project Manager,Delhi,Junior Project Manager,Canonical,"Cincinnati, OH",https://www.linkedin.com/jobs/view/junior-project-manager-at-canonical-4218739252?position=9&pageNum=0&refId=G8miF288klK5lezt6FCLtA%3D%3D&trackingId=tQT50jGwOhQUkpoGl3txwQ%3D%3D,LinkedIn
2025-05-07 19:31:07,Project Manager,Delhi,Project Manager II,Kroger,"Cincinnati, OH",https://www.linkedin.com/jobs/view/project-manager-ii-at-kroger-4202866517?position=10&pageNum=0&refId=G8miF288klK5lezt6FCLtA%3D%3D&trackingId=5dqiCIg3y34qedZ8jWfMZw%3D%3D,LinkedIn
2025-05-07 19:31:07,Project Manager,Delhi,Project Manager,Makino,"Mason, OH",https://www.linkedin.com/jobs/view/project-manager-at-makino-4190459868?position=11&pageNum=0&refId=G8miF288klK5lezt6FCLtA%3D%3D&trackingId=DHQSfrNgx%2BUy3BxYo1GLFw%3D%3D,LinkedIn
2025-05-07 19:31:07,Project Manager,Delhi,Project Manager,Epic,"Cincinnati, OH",https://www.linkedin.com/jobs/view/project-manager-at-epic-3864450947?position=12&pageNum=0&refId=G8miF288klK5lezt6FCLtA%3D%3D&trackingId=WMDlQwOMdSoZuBg43yzOBg%3D%3D,LinkedIn
2025-05-07 19:31:07,Project Manager,Delhi,Project Manager - Food and Beverage,Clayco,"Cincinnati, OH",https://www.linkedin.com/jobs/view/project-manager-food-and-beverage-at-clayco-4174459953?position=13&pageNum=0&refId=G8miF288klK5lezt6FCLtA%3D%3D&trackingId=q85FilKgGD5ZSOEX%2FQg%2BFw%3D%3D,LinkedIn
2025-05-07 19:31:07,Project Manager,Delhi,Project Manager,Critical Mass,"Cincinnati, OH",https://www.linkedin.com/jobs/view/project-manager-at-critical-mass-4203194954?position=15&pageNum=0&refId=G8miF288klK5lezt6FCLtA%3D%3D&trackingId=WiSwB35C4mU0px%2F0kCPbWQ%3D%3D,LinkedIn
2025-05-07 19:31:07,Project Manager,Delhi,Sr. Project Manager (KPI),Hillenbrand,"Cincinnati, OH",https://www.linkedin.com/jobs/view/sr-project-manager-kpi-at-hillenbrand-4206883795?position=16&pageNum=0&refId=G8miF288klK5lezt6FCLtA%3D%3D&trackingId=w8XHVkXYgWVnlY8IXfOlag%3D%3D,LinkedIn
2025-05-07 19:31:07,Project Manager,Delhi,Regional Continuous Improvement Manager (OPEX/TPM),Perfetti Van Melle,Cincinnati Metropolitan Area,https://www.linkedin.com/jobs/view/regional-continuous-improvement-manager-opex-tpm-at-perfetti-van-melle-4195356846?position=17&pageNum=0&refId=G8miF288klK5lezt6FCLtA%3D%3D&trackingId=zKmRAmf0aEZpdjct7nEgHw%3D%3D,LinkedIn
2025-05-07 19:31:07,Project Manager,Delhi,Project Manager/Analyst,CostQuest Associates,"Cincinnati, OH",https://www.linkedin.com/jobs/view/project-manager-analyst-at-costquest-associates-4133429746?position=18&pageNum=0&refId=G8miF288klK5lezt6FCLtA%3D%3D&trackingId=xxKcOGxpsfQZeq%2BiQmfX6g%3D%3D,LinkedIn
2025-05-07 19:31:07,Project Manager,Delhi,Solar Project Manager,Melink Solar,"Cincinnati, OH",https://www.linkedin.com/jobs/view/solar-project-manager-at-melink-solar-3916477561?position=19&pageNum=0&refId=G8miF288klK5lezt6FCLtA%3D%3D&trackingId=isRAdan7RjRM%2FEqR3epOWA%3D%3D,LinkedIn
2025-05-07 19:31:07,Project Manager,Delhi,Senior Project Manager,Maronda Homes,"Cincinnati, OH",https://www.linkedin.com/jobs/view/senior-project-manager-at-maronda-homes-4219954508?position=20&pageNum=0&refId=G8miF288klK5lezt6FCLtA%3D%3D&trackingId=is2FQotEhD%2FeqalcqAoAYQ%3D%3D,LinkedIn
2025-05-07 19:31:07,Project Manager,Delhi,Sr. Project Manager,Lakeview Farms,Cincinnati Metropolitan Area,https://www.linkedin.com/jobs/view/sr-project-manager-at-lakeview-farms-4222830846?position=21&pageNum=0&refId=G8miF288klK5lezt6FCLtA%3D%3D&trackingId=v0XbhMeCPzj8hEv4lTAe5Q%3D%3D,LinkedIn
2025-05-07 19:31:07,Project Manager,Delhi,IT Project Manager,Trew,"West Chester, OH",https://www.linkedin.com/jobs/view/it-project-manager-at-trew-4157348782?position=22&pageNum=0&refId=G8miF288klK5lezt6FCLtA%3D%3D&trackingId=4C7Lq%2B%2Bwc0vxyULvGjLJ6Q%3D%3D,LinkedIn
2025-05-07 19:31:07,Project Manager,Delhi,Associate Project Manager,Ageatia Global Solutions,"West Chester, OH",https://www.linkedin.com/jobs/view/associate-project-manager-at-ageatia-global-solutions-4001162253?position=23&pageNum=0&refId=G8miF288klK5lezt6FCLtA%3D%3D&trackingId=%2FMU%2FvQZ9j5TvziZSXfPe3w%3D%3D,LinkedIn
2025-05-07 19:31:07,Project Manager,Delhi,Project Manager,LRT Restoration Technologies,"Cincinnati, OH",https://www.linkedin.com/jobs/view/project-manager-at-lrt-restoration-technologies-4209312891?position=24&pageNum=0&refId=G8miF288klK5lezt6FCLtA%3D%3D&trackingId=GHKDd8i0RjI1pdKiEFCPOA%3D%3D,LinkedIn
2025-05-07 19:31:07,Project Manager,Delhi,Project Manager,Placed - Midwest Construction Specialists,Cincinnati Metropolitan Area,https://www.linkedin.com/jobs/view/project-manager-at-placed-midwest-construction-specialists-4211758050?position=26&pageNum=0&refId=G8miF288klK5lezt6FCLtA%3D%3D&trackingId=R4ikNeTTlP2g9gv4qZG8vg%3D%3D,LinkedIn
2025-05-07 19:31:07,Project Manager,Delhi,Program Manager [31333],Stealth,"Cincinnati, OH",https://www.linkedin.com/jobs/view/program-manager-31333-at-stealth-4221251069?position=27&pageNum=0&refId=G8miF288klK5lezt6FCLtA%3D%3D&trackingId=1HxX%2FPe3Lp6V5yytJhDUJA%3D%3D,LinkedIn
2025-05-07 19:31:07,Project Manager,Delhi,Project Manager - Remote,KiZAN Technologies,"Cincinnati, OH",https://www.linkedin.com/jobs/view/project-manager-remote-at-kizan-technologies-4223214608?position=28&pageNum=0&refId=G8miF288klK5lezt6FCLtA%3D%3D&trackingId=LICxSpMkDI6ic%2FhnRSD6wA%3D%3D,LinkedIn
2025-05-07 19:31:07,Project Manager,Delhi,Project Manager,Encore Talent Solutions,"Cincinnati, OH",https://www.linkedin.com/jobs/view/project-manager-at-encore-talent-solutions-4220620182?position=29&pageNum=0&refId=G8miF288klK5lezt6FCLtA%3D%3D&trackingId=V%2FjTHhdzdjyMuM%2BhFzjLEg%3D%3D,LinkedIn
2025-05-07 19:31:07,Project Manager,Delhi,Project Manager,Emery Oleochemicals,"Cincinnati, OH",https://www.linkedin.com/jobs/view/project-manager-at-emery-oleochemicals-4216466348?position=30&pageNum=0&refId=G8miF288klK5lezt6FCLtA%3D%3D&trackingId=uxAgOGUB8LWCptbm4nkmvg%3D%3D,LinkedIn
2025-05-07 19:31:07,Project Manager,Delhi,Project Manager,Calculated Hire,"Cincinnati, OH",https://www.linkedin.com/jobs/view/project-manager-at-calculated-hire-4205950738?position=32&pageNum=0&refId=G8miF288klK5lezt6FCLtA%3D%3D&trackingId=qBVVrYlf%2FXu0DOOp6soBeQ%3D%3D,LinkedIn
2025-05-07 19:31:07,Project Manager,Delhi,Project Manager,Maronda Homes,"Cincinnati, OH",https://www.linkedin.com/jobs/view/project-manager-at-maronda-homes-4190700666?position=33&pageNum=0&refId=G8miF288klK5lezt6FCLtA%3D%3D&trackingId=UBWtqU2kuL92Q8mspnxd5A%3D%3D,LinkedIn
2025-05-07 19:31:07,Project Manager,Delhi,Scrum Master,Agility Partners,Cincinnati Metropolitan Area,https://www.linkedin.com/jobs/view/scrum-master-at-agility-partners-4198403043?position=34&pageNum=0&refId=G8miF288klK5lezt6FCLtA%3D%3D&trackingId=KeMsAaF8900%2BZcn5fXl0oQ%3D%3D,LinkedIn
2025-05-07 19:31:07,Project Manager,Delhi,Construction Project Manager,Triversity Construction,"Cincinnati, OH",https://www.linkedin.com/jobs/view/construction-project-manager-at-triversity-construction-4132151661?position=35&pageNum=0&refId=G8miF288klK5lezt6FCLtA%3D%3D&trackingId=cvaF8JJ7%2Brc%2B13qgITbwQw%3D%3D,LinkedIn
2025-05-07 19:31:07,Project Manager,Delhi,Information Technology Project Manager,Encore Talent Solutions,Cincinnati Metropolitan Area,https://www.linkedin.com/jobs/view/information-technology-project-manager-at-encore-talent-solutions-4220417100?position=36&pageNum=0&refId=G8miF288klK5lezt6FCLtA%3D%3D&trackingId=qDs3JWypdFBfqSmdTZeAMg%3D%3D,LinkedIn
2025-05-07 19:31:07,Project Manager,Delhi,"Project Manager - Cincinnati, OH",Convergint,"Cincinnati, OH",https://www.linkedin.com/jobs/view/project-manager-cincinnati-oh-at-convergint-4202030142?position=37&pageNum=0&refId=G8miF288klK5lezt6FCLtA%3D%3D&trackingId=lXzTMciqpt7dqENwxeRaPg%3D%3D,LinkedIn
2025-05-07 19:31:07,Project Manager,Delhi,GEM Project Manager,Procter & Gamble,"West Chester, OH",https://www.linkedin.com/jobs/view/gem-project-manager-at-procter-gamble-4204928048?position=38&pageNum=0&refId=G8miF288klK5lezt6FCLtA%3D%3D&trackingId=2Pf7sOqBkRT81QDRQWKF2A%3D%3D,LinkedIn
2025-05-07 19:31:07,Project Manager,Delhi,Assistant Project Manager,Maronda Homes,"Cincinnati, OH",https://www.linkedin.com/jobs/view/assistant-project-manager-at-maronda-homes-4190706058?position=39&pageNum=0&refId=G8miF288klK5lezt6FCLtA%3D%3D&trackingId=KpVFUNux8aalpi%2FcMmK8oQ%3D%3D,LinkedIn
2025-05-07 19:31:07,Project Manager,Delhi,Associate Director - Operations Project Manager,The Gorilla Glue Company,"Cincinnati, OH",https://www.linkedin.com/jobs/view/associate-director-operations-project-manager-at-the-gorilla-glue-company-4215942690?position=40&pageNum=0&refId=G8miF288klK5lezt6FCLtA%3D%3D&trackingId=9aFejvT2AasxiC5%2FV8nOSA%3D%3D,LinkedIn
2025-05-07 19:31:07,Project Manager,Delhi,Project Manager,Stanton Millworks,"Cincinnati, OH",https://www.linkedin.com/jobs/view/project-manager-at-stanton-millworks-4221093202?position=41&pageNum=0&refId=G8miF288klK5lezt6FCLtA%3D%3D&trackingId=%2Bg6YpDTCgTS96sZCgIVLjA%3D%3D,LinkedIn
2025-05-07 19:31:07,Project Manager,Delhi,Project Manager,Equator Design,"Cincinnati, OH",https://www.linkedin.com/jobs/view/project-manager-at-equator-design-4219069346?position=42&pageNum=0&refId=G8miF288klK5lezt6FCLtA%3D%3D&trackingId=hvueV8q%2FbxrY1laW%2FWt0ww%3D%3D,LinkedIn
2025-05-07 19:31:07,Project Manager,Delhi,Project Manager,MarketOnce,"Cincinnati, OH",https://www.linkedin.com/jobs/view/project-manager-at-marketonce-4183978069?position=43&pageNum=0&refId=G8miF288klK5lezt6FCLtA%3D%3D&trackingId=MSf3FMiPno7OsFwD%2FAHuiw%3D%3D,LinkedIn
2025-05-07 19:31:07,Project Manager,Delhi,Project Manager,GENERAL TOOL COMPANY,"Cincinnati, OH",https://www.linkedin.com/jobs/view/project-manager-at-general-tool-company-4188965549?position=44&pageNum=0&refId=G8miF288klK5lezt6FCLtA%3D%3D&trackingId=0bMLTJnSVf8O5%2BwpifsYKA%3D%3D,LinkedIn
2025-05-07 19:31:07,Project Manager,Delhi,Senior Project Manager,HH Global,"Cincinnati, OH",https://www.linkedin.com/jobs/view/senior-project-manager-at-hh-global-4192510940?position=45&pageNum=0&refId=G8miF288klK5lezt6FCLtA%3D%3D&trackingId=Jrkwi8oUowKyU673EdUtAg%3D%3D,LinkedIn
2025-05-07 19:31:07,Project Manager,Delhi,Sr. Project Manager,Aditi Consulting,Cincinnati Metropolitan Area,https://www.linkedin.com/jobs/view/sr-project-manager-at-aditi-consulting-4216410930?position=46&pageNum=0&refId=G8miF288klK5lezt6FCLtA%3D%3D&trackingId=vqfWcgnDvhzyPZm99EnAzQ%3D%3D,LinkedIn
2025-05-07 19:31:07,Project Manager,Delhi,Information Technology Project Manager,Vernovis,"Cincinnati, OH",https://www.linkedin.com/jobs/view/information-technology-project-manager-at-vernovis-4222367655?position=47&pageNum=0&refId=G8miF288klK5lezt6FCLtA%3D%3D&trackingId=RcyZWuin60M5aAtQIVqdvw%3D%3D,LinkedIn
2025-05-07 19:31:07,Project Manager,Delhi,Technical Project Manager,Gravity IT Resources,Cincinnati Metropolitan Area,https://www.linkedin.com/jobs/view/technical-project-manager-at-gravity-it-resources-4214605125?position=48&pageNum=0&refId=G8miF288klK5lezt6FCLtA%3D%3D&trackingId=%2FOIM77dD1ByhOHa4i91umQ%3D%3D,LinkedIn
2025-05-07 19:31:07,Project Manager,Delhi,Project Manager II-Enterprise PMO,AAA Club Alliance,"Cincinnati, OH",https://www.linkedin.com/jobs/view/project-manager-ii-enterprise-pmo-at-aaa-club-alliance-4217674897?position=50&pageNum=0&refId=G8miF288klK5lezt6FCLtA%3D%3D&trackingId=q0vcnddl5zfVVQSHNLw8jg%3D%3D,LinkedIn
2025-05-07 19:31:07,Project Manager,Delhi,"Program Manager, Center for Business Analytics, Carl H. Lindner College of Business, Hybrid",University of Cincinnati,"Cincinnati, OH",https://www.linkedin.com/jobs/view/program-manager-center-for-business-analytics-carl-h-lindner-college-of-business-hybrid-at-university-of-cincinnati-4184532202?position=51&pageNum=0&refId=G8miF288klK5lezt6FCLtA%3D%3D&trackingId=j6EzT3MD%2FZn6xWM9lfjT%2Fg%3D%3D,LinkedIn
2025-05-07 19:31:07,Project Manager,Delhi,Program Manager,Kennedy Heights Arts Center,"Cincinnati, OH",https://www.linkedin.com/jobs/view/program-manager-at-kennedy-heights-arts-center-4214490781?position=52&pageNum=0&refId=G8miF288klK5lezt6FCLtA%3D%3D&trackingId=Qpbu30LUVAlZ3UZMwLJQIw%3D%3D,LinkedIn
2025-05-07 19:31:07,Project Manager,Delhi,Project Architect & Design Manager,Procter & Gamble,"Cincinnati, OH",https://www.linkedin.com/jobs/view/project-architect-design-manager-at-procter-gamble-4210917856?position=53&pageNum=0&refId=G8miF288klK5lezt6FCLtA%3D%3D&trackingId=N28Cja%2ByrNgkZb66idOiwA%3D%3D,LinkedIn
2025-05-07 19:31:07,Project Manager,Delhi,Senior Project Manager,Verdantas,"Blue Ash, OH",https://www.linkedin.com/jobs/view/senior-project-manager-at-verdantas-4151390091?position=54&pageNum=0&refId=G8miF288klK5lezt6FCLtA%3D%3D&trackingId=UnAdNQ31iwOxZeJ6BC1V6Q%3D%3D,LinkedIn
2025-05-07 19:31:07,Project Manager,Delhi,Senior Project Manager,Calculated Hire,"Cincinnati, OH",https://www.linkedin.com/jobs/view/senior-project-manager-at-calculated-hire-4215148203?position=55&pageNum=0&refId=G8miF288klK5lezt6FCLtA%3D%3D&trackingId=6xrTfjg%2FjNHBMtZBvj8lXA%3D%3D,LinkedIn
2025-05-07 19:31:07,Project Manager,Delhi,Project Manager,Skanska,"Cincinnati, OH",https://www.linkedin.com/jobs/view/project-manager-at-skanska-4011541729?position=56&pageNum=0&refId=G8miF288klK5lezt6FCLtA%3D%3D&trackingId=KxuM603%2FdBDg4R68KJmSLw%3D%3D,LinkedIn
2025-05-07 19:31:07,Project Manager,Delhi,Project Manager,iRiS Recruiting Solutions,"Cincinnati, OH",https://www.linkedin.com/jobs/view/project-manager-at-iris-recruiting-solutions-4217373567?position=57&pageNum=0&refId=G8miF288klK5lezt6FCLtA%3D%3D&trackingId=gzSdStYBXJmBXWuhJIfs5w%3D%3D,LinkedIn
2025-05-07 19:31:07,Project Manager,Delhi,"Program Manager, Discovery Amplified, College of Arts and Sciences",University of Cincinnati,"Cincinnati, OH",https://www.linkedin.com/jobs/view/program-manager-discovery-amplified-college-of-arts-and-sciences-at-university-of-cincinnati-4181877334?position=58&pageNum=0&refId=G8miF288klK5lezt6FCLtA%3D%3D&trackingId=JRwXPVOfs7jQCFFQVN5n9w%3D%3D,LinkedIn
2025-05-07 19:31:07,Project Manager,Delhi,IT Project Manager,LHH,Cincinnati Metropolitan Area,https://www.linkedin.com/jobs/view/it-project-manager-at-lhh-4222841390?position=59&pageNum=0&refId=G8miF288klK5lezt6FCLtA%3D%3D&trackingId=wbJssX5Ol3%2BKwl4kRuhBbw%3D%3D,LinkedIn
2025-05-07 19:31:07,Project Manager,Delhi,Assistant Construction Project Manager,Megen Construction Company,"Cincinnati, OH",https://www.linkedin.com/jobs/view/assistant-construction-project-manager-at-megen-construction-company-4214492520?position=60&pageNum=0&refId=G8miF288klK5lezt6FCLtA%3D%3D&trackingId=4MtOn%2BSY2l1TYviRxGNJLg%3D%3D,LinkedIn
2025-05-07 22:08:15,Web Developer,Bangalore,HDFC Securities - Web Developer - React.js,HDFC securities,"Bengaluru, Karnataka, India",https://in.linkedin.com/jobs/view/hdfc-securities-web-developer-react-js-at-hdfc-securities-4186440015?position=1&pageNum=0&refId=uquKoReefXjnXWbl%2FTNisw%3D%3D&trackingId=miefuyxoqq9o7Qe%2FrIS7MA%3D%3D,LinkedIn
2025-05-07 22:08:15,Web Developer,Bangalore,Frontend Developer,Jio,"Bengaluru, Karnataka, India",https://in.linkedin.com/jobs/view/frontend-developer-at-jio-4207305925?position=2&pageNum=0&refId=uquKoReefXjnXWbl%2FTNisw%3D%3D&trackingId=dMMCA8PZs1fpBt5tjLFGYg%3D%3D,LinkedIn
2025-05-07 22:08:15,Web Developer,Bangalore,Full Stack Software Engineer - React & Java (Entry Level),Cisco,"Bengaluru, Karnataka, India",https://in.linkedin.com/jobs/view/full-stack-software-engineer-react-java-entry-level-at-cisco-4200191568?position=3&pageNum=0&refId=uquKoReefXjnXWbl%2FTNisw%3D%3D&trackingId=yA3kKviZpx2qZTuFtbeMDQ%3D%3D,LinkedIn
2025-05-07 22:08:15,Web Developer,Bangalore,Junior Full stack developer,MillerKnoll,"Bengaluru, Karnataka, India",https://in.linkedin.com/jobs/view/junior-full-stack-developer-at-millerknoll-4177436748?position=5&pageNum=0&refId=uquKoReefXjnXWbl%2FTNisw%3D%3D&trackingId=1XpiCiDl%2FImIzYpFGqu5aQ%3D%3D,LinkedIn
2025-05-07 22:08:15,Web Developer,Bangalore,Full stack Developer,Infosys,"Bengaluru East, Karnataka, India",https://in.linkedin.com/jobs/view/full-stack-developer-at-infosys-4190940178?position=6&pageNum=0&refId=uquKoReefXjnXWbl%2FTNisw%3D%3D&trackingId=RFC2kMqBI3lEIVFzbipzIA%3D%3D,LinkedIn
2025-05-07 22:08:15,Web Developer,Bangalore,Front End Developer,Capco,"Bengaluru, Karnataka, India",https://in.linkedin.com/jobs/view/front-end-developer-at-capco-4216331175?position=7&pageNum=0&refId=uquKoReefXjnXWbl%2FTNisw%3D%3D&trackingId=xMdJ5x8rO3ofBADonz%2B1Pw%3D%3D,LinkedIn
2025-05-07 22:08:15,Web Developer,Bangalore,Front End Engineer,Verizon,"Bengaluru, Karnataka, India",https://in.linkedin.com/jobs/view/front-end-engineer-at-verizon-4219116033?position=8&pageNum=0&refId=uquKoReefXjnXWbl%2FTNisw%3D%3D&trackingId=yIbtVPx9Q1ASEw4JTpBB0g%3D%3D,LinkedIn
2025-05-07 22:08:15,Web Developer,Bangalore,Web Application Engineers,SFO Technologies,"Bengaluru, Karnataka, India",https://in.linkedin.com/jobs/view/web-application-engineers-at-sfo-technologies-3656598300?position=9&pageNum=0&refId=uquKoReefXjnXWbl%2FTNisw%3D%3D&trackingId=GhnK4rDfyXRmpLE6xFwHBQ%3D%3D,LinkedIn
2025-05-07 22:08:15,Web Developer,Bangalore,Full Stack developer,Cisco,"Bengaluru, Karnataka, India",https://in.linkedin.com/jobs/view/full-stack-developer-at-cisco-4212683359?position=10&pageNum=0&refId=uquKoReefXjnXWbl%2FTNisw%3D%3D&trackingId=qCA6juwUhYcgaKGfhGOkRw%3D%3D,LinkedIn
2025-05-07 22:08:15,Web Developer,Bangalore,Junior Full Stack Developer,Llama,"Bengaluru, Karnataka, India",https://in.linkedin.com/jobs/view/junior-full-stack-developer-at-llama-3627606898?position=11&pageNum=0&refId=uquKoReefXjnXWbl%2FTNisw%3D%3D&trackingId=s2dFjf4YU9SYwk5ub79%2BSQ%3D%3D,LinkedIn
2025-05-07 22:08:15,Web Developer,Bangalore,Junior UI Developer,GaragePlug,"Bengaluru, Karnataka, India",https://in.linkedin.com/jobs/view/junior-ui-developer-at-garageplug-4166269614?position=12&pageNum=0&refId=uquKoReefXjnXWbl%2FTNisw%3D%3D&trackingId=BVWKk%2BSiaJmSPw6Kj86CHw%3D%3D,LinkedIn
2025-05-07 22:08:15,Web Developer,Bangalore,Full Stack Developer,Persistent Systems,"Bengaluru, Karnataka, India",https://in.linkedin.com/jobs/view/full-stack-developer-at-persistent-systems-4205909192?position=13&pageNum=0&refId=uquKoReefXjnXWbl%2FTNisw%3D%3D&trackingId=2dJTORADLSZRD6KW7srMfw%3D%3D,LinkedIn
2025-05-07 22:08:15,Web Developer,Bangalore,Java + ReactJS(FullStack) Developer,Infosys,"Bengaluru East, Karnataka, India",https://in.linkedin.com/jobs/view/java-%2B-reactjs-fullstack-developer-at-infosys-4193210898?position=14&pageNum=0&refId=uquKoReefXjnXWbl%2FTNisw%3D%3D&trackingId=GgZzEXszMLkZMmJIyKSDOA%3D%3D,LinkedIn
2025-05-07 22:08:15,Web Developer,Bangalore,React Developer,Persistent Systems,"Bengaluru, Karnataka, India",https://in.linkedin.com/jobs/view/react-developer-at-persistent-systems-4217401247?position=15&pageNum=0&refId=uquKoReefXjnXWbl%2FTNisw%3D%3D&trackingId=jNaeJJdmSVqlREDkUbZOAg%3D%3D,LinkedIn
2025-05-07 22:08:15,Web Developer,Bangalore,Fullstack Developer,Infosys,"Bengaluru East, Karnataka, India",https://in.linkedin.com/jobs/view/fullstack-developer-at-infosys-4215587564?position=16&pageNum=0&refId=uquKoReefXjnXWbl%2FTNisw%3D%3D&trackingId=ghnUz%2FM7nZvwfVXQmXqlcQ%3D%3D,LinkedIn
2025-05-07 22:08:15,Web Developer,Bangalore,Web Developer - 2,Groww,"Bengaluru, Karnataka, India",https://in.linkedin.com/jobs/view/web-developer-2-at-groww-4212652535?position=17&pageNum=0&refId=uquKoReefXjnXWbl%2FTNisw%3D%3D&trackingId=nMDt5kt8V7YpQQGtcGB6ZA%3D%3D,LinkedIn
2025-05-07 22:08:15,Web Developer,Bangalore,Frontend Developer (Angular8+),GoldenPi,"Bengaluru, Karnataka, India",https://in.linkedin.com/jobs/view/frontend-developer-angular8%2B-at-goldenpi-3627615524?position=18&pageNum=0&refId=uquKoReefXjnXWbl%2FTNisw%3D%3D&trackingId=syNCnqNgWSlclor5qXhe0w%3D%3D,LinkedIn
2025-05-07 22:08:15,Web Developer,Bangalore,Junior Web Developer,SYNERGOS,"Bengaluru, Karnataka, India",https://in.linkedin.com/jobs/view/junior-web-developer-at-synergos-4048224832?position=19&pageNum=0&refId=uquKoReefXjnXWbl%2FTNisw%3D%3D&trackingId=jQRDhceYorBnUbktNnbUWg%3D%3D,LinkedIn
2025-05-07 22:08:15,Web Developer,Bangalore,Frontend Engineer (Trained Fresher),InspironLabs,"Bangalore Urban, Karnataka, India",https://in.linkedin.com/jobs/view/frontend-engineer-trained-fresher-at-inspironlabs-4205406787?position=20&pageNum=0&refId=uquKoReefXjnXWbl%2FTNisw%3D%3D&trackingId=f3B%2FvtRf4Lr9Y4nFkUhdKQ%3D%3D,LinkedIn
2025-05-07 22:08:15,Web Developer,Bangalore,Front End Developer,Dicetek LLC,"Bengaluru, Karnataka, India",https://in.linkedin.com/jobs/view/front-end-developer-at-dicetek-llc-4110454848?position=21&pageNum=0&refId=uquKoReefXjnXWbl%2FTNisw%3D%3D&trackingId=L%2FBSsicMiEDtgQ8855CiDg%3D%3D,LinkedIn
2025-05-07 22:08:15,Web Developer,Bangalore,"Frontend Engineer, Send To Amazon Team",Amazon,"Bengaluru, Karnataka, India",https://in.linkedin.com/jobs/view/frontend-engineer-send-to-amazon-team-at-amazon-4139609317?position=22&pageNum=0&refId=uquKoReefXjnXWbl%2FTNisw%3D%3D&trackingId=wOEcxQ%2BXqO5%2Bdi8mLIwiaw%3D%3D,LinkedIn
2025-05-07 22:08:15,Web Developer,Bangalore,Junior Web Developer,HeyCoach,"Bengaluru, Karnataka, India",https://in.linkedin.com/jobs/view/junior-web-developer-at-heycoach-3946490799?position=23&pageNum=0&refId=uquKoReefXjnXWbl%2FTNisw%3D%3D&trackingId=s4pYT8bggWMZYKFbyrutOg%3D%3D,LinkedIn
2025-05-07 22:08:15,Web Developer,Bangalore,Amazon web services Developer,Infosys,"Bengaluru East, Karnataka, India",https://in.linkedin.com/jobs/view/amazon-web-services-developer-at-infosys-4195230217?position=24&pageNum=0&refId=uquKoReefXjnXWbl%2FTNisw%3D%3D&trackingId=ysK4%2BFkXZ6ff46Tk4Ayk6A%3D%3D,LinkedIn
2025-05-07 22:08:15,Web Developer,Bangalore,Front-End Developer,LSEG (London Stock Exchange Group),"Bengaluru East, Karnataka, India",https://in.linkedin.com/jobs/view/front-end-developer-at-lseg-london-stock-exchange-group-4191899132?position=25&pageNum=0&refId=uquKoReefXjnXWbl%2FTNisw%3D%3D&trackingId=rh%2B%2BBwLIkKzVIX8OKsU1eQ%3D%3D,LinkedIn
2025-05-07 22:08:15,Web Developer,Bangalore,Web Developer,Capco,"Bengaluru, Karnataka, India",https://in.linkedin.com/jobs/view/web-developer-at-capco-4183625136?position=26&pageNum=0&refId=uquKoReefXjnXWbl%2FTNisw%3D%3D&trackingId=f80i0InQzSNrRG5O8hjikQ%3D%3D,LinkedIn
2025-05-07 22:08:15,Web Developer,Bangalore,Frontend Developer,Plaza,"Bengaluru, Karnataka, India",https://in.linkedin.com/jobs/view/frontend-developer-at-plaza-4166270783?position=27&pageNum=0&refId=uquKoReefXjnXWbl%2FTNisw%3D%3D&trackingId=gnLQCT1ci5FUHAHNKyHvdw%3D%3D,LinkedIn
2025-05-07 22:08:15,Web Developer,Bangalore,Front End Developer,Sizzle,"Bengaluru, Karnataka, India",https://in.linkedin.com/jobs/view/front-end-developer-at-sizzle-3627613493?position=28&pageNum=0&refId=uquKoReefXjnXWbl%2FTNisw%3D%3D&trackingId=JpVnrQwYQrxDTzxqYWwcxQ%3D%3D,LinkedIn
2025-05-07 22:08:15,Web Developer,Bangalore,"Full Stack Developer ( React,NodeJS/NextJS )",Infosys,"Bengaluru East, Karnataka, India",https://in.linkedin.com/jobs/view/full-stack-developer-react-nodejs-nextjs-at-infosys-4221800687?position=29&pageNum=0&refId=uquKoReefXjnXWbl%2FTNisw%3D%3D&trackingId=lJ1SgtW6HXRufrN4JhA5gw%3D%3D,LinkedIn
2025-05-07 22:08:15,Web Developer,Bangalore,Software Development Engineer 1 - Web Developer,SaaS Labs,"Bengaluru, Karnataka, India",https://in.linkedin.com/jobs/view/software-development-engineer-1-web-developer-at-saas-labs-4208457392?position=30&pageNum=0&refId=uquKoReefXjnXWbl%2FTNisw%3D%3D&trackingId=iVIjhU6CFlAqeaiQJG46fg%3D%3D,LinkedIn
2025-05-07 22:08:15,Web Developer,Bangalore,Web Developer,21K School,"Bengaluru, Karnataka, India",https://in.linkedin.com/jobs/view/web-developer-at-21k-school-3844214370?position=32&pageNum=0&refId=uquKoReefXjnXWbl%2FTNisw%3D%3D&trackingId=Urw41yIRL9P1cZyLmnKBKQ%3D%3D,LinkedIn
2025-05-07 22:08:15,Web Developer,Bangalore,Web Development,Home Adda,"Bengaluru, Karnataka, India",https://in.linkedin.com/jobs/view/web-development-at-home-adda-4048233211?position=33&pageNum=0&refId=uquKoReefXjnXWbl%2FTNisw%3D%3D&trackingId=EnYYUXMXCvrTynV0tg65YQ%3D%3D,LinkedIn
2025-05-07 22:08:15,Web Developer,Bangalore,Web Developer (HTML templates),NETSACH GLOBAL,"Bengaluru, Karnataka, India",https://in.linkedin.com/jobs/view/web-developer-html-templates-at-netsach-global-4177746250?position=34&pageNum=0&refId=uquKoReefXjnXWbl%2FTNisw%3D%3D&trackingId=j4zUx28I0cQs86WLmyEWTA%3D%3D,LinkedIn
2025-05-07 22:08:15,Web Developer,Bangalore,"Front End Engineer, CorpFPA",Amazon,"Bengaluru, Karnataka, India",https://in.linkedin.com/jobs/view/front-end-engineer-corpfpa-at-amazon-4157729062?position=35&pageNum=0&refId=uquKoReefXjnXWbl%2FTNisw%3D%3D&trackingId=qWO4fJHxem8OHW9I1W8%2BXQ%3D%3D,LinkedIn
2025-05-07 22:08:15,Web Developer,Bangalore,Frontend Developer,Innoviti Technologies,"Bengaluru, Karnataka, India",https://in.linkedin.com/jobs/view/frontend-developer-at-innoviti-technologies-3627623742?position=36&pageNum=0&refId=uquKoReefXjnXWbl%2FTNisw%3D%3D&trackingId=APeBb71fRcUCssV6Y9Rg3w%3D%3D,LinkedIn
2025-05-07 22:08:15,Web Developer,Bangalore,"Front End Engineer, Amazon Pay",Amazon,"Bengaluru, Karnataka, India",https://in.linkedin.com/jobs/view/front-end-engineer-amazon-pay-at-amazon-4199814043?position=37&pageNum=0&refId=uquKoReefXjnXWbl%2FTNisw%3D%3D&trackingId=yTHB2HS7DjrFAQVQCRkuSg%3D%3D,LinkedIn
2025-05-07 22:08:15,Web Developer,Bangalore,Frontend Developer,Levelup11,"Bengaluru, Karnataka, India",https://in.linkedin.com/jobs/view/frontend-developer-at-levelup11-3627615838?position=38&pageNum=0&refId=uquKoReefXjnXWbl%2FTNisw%3D%3D&trackingId=s5QCDJkKuDHSnSx7fm4Bmg%3D%3D,LinkedIn
2025-05-07 22:08:15,Web Developer,Bangalore,Frontend Developer,Aurigin,"Bengaluru, Karnataka, India",https://in.linkedin.com/jobs/view/frontend-developer-at-aurigin-3656596842?position=39&pageNum=0&refId=uquKoReefXjnXWbl%2FTNisw%3D%3D&trackingId=95FbAWeJqnJT3fMCRSjjQA%3D%3D,LinkedIn
2025-05-07 22:08:15,Web Developer,Bangalore,Front End Developer_ Bangalore,Landmark Group,"Bengaluru, Karnataka, India",https://in.linkedin.com/jobs/view/front-end-developer-bangalore-at-landmark-group-4140135997?position=40&pageNum=0&refId=uquKoReefXjnXWbl%2FTNisw%3D%3D&trackingId=CU4%2Bd2NnSjXHoUaXTpH3vA%3D%3D,LinkedIn
2025-05-07 22:08:15,Web Developer,Bangalore,Frontend Developer,Finvolv,"Bengaluru, Karnataka, India",https://in.linkedin.com/jobs/view/frontend-developer-at-finvolv-4023860027?position=41&pageNum=0&refId=uquKoReefXjnXWbl%2FTNisw%3D%3D&trackingId=IS0WBlfjGjfSVCt7OZKJAA%3D%3D,LinkedIn
2025-05-07 22:08:15,Web Developer,Bangalore,Front End Developer (SDE-2),AbleCredit,"Bengaluru, Karnataka, India",https://in.linkedin.com/jobs/view/front-end-developer-sde-2-at-ablecredit-4048096705?position=42&pageNum=0&refId=uquKoReefXjnXWbl%2FTNisw%3D%3D&trackingId=S%2FBM6yMJ2NWW0PCeIIF6xQ%3D%3D,LinkedIn
2025-05-07 22:08:15,Web Developer,Bangalore,Frontend Developer,Teknotrait Solutions,"Bengaluru, Karnataka, India",https://in.linkedin.com/jobs/view/frontend-developer-at-teknotrait-solutions-3656597491?position=43&pageNum=0&refId=uquKoReefXjnXWbl%2FTNisw%3D%3D&trackingId=Fad6QME89Lk1KdkPHehnPA%3D%3D,LinkedIn
2025-05-07 22:08:15,Web Developer,Bangalore,Frontend Developer,Konnectbox,"Bengaluru, Karnataka, India",https://in.linkedin.com/jobs/view/frontend-developer-at-konnectbox-3627620331?position=44&pageNum=0&refId=uquKoReefXjnXWbl%2FTNisw%3D%3D&trackingId=CfhnCyla5eZISfSrxgoA%2Fg%3D%3D,LinkedIn
2025-05-07 22:08:15,Web Developer,Bangalore,Frontend Web Developer (MERN),Wing Assistant,"Bengaluru, Karnataka, India",https://in.linkedin.com/jobs/view/frontend-web-developer-mern-at-wing-assistant-4171050212?position=45&pageNum=0&refId=uquKoReefXjnXWbl%2FTNisw%3D%3D&trackingId=995TKlqiWtks232IMKZ6Pg%3D%3D,LinkedIn
2025-05-07 22:08:15,Web Developer,Bangalore,Front End Developer,CloudxLab,"Bengaluru, Karnataka, India",https://in.linkedin.com/jobs/view/front-end-developer-at-cloudxlab-4052310265?position=46&pageNum=0&refId=uquKoReefXjnXWbl%2FTNisw%3D%3D&trackingId=oYjhVdAbbKLFrhEAU%2FZ5yQ%3D%3D,LinkedIn
2025-05-07 22:08:15,Web Developer,Bangalore,Frontend Developer,Oust Labs (acquired by Betterplace),"Bengaluru, Karnataka, India",https://in.linkedin.com/jobs/view/frontend-developer-at-oust-labs-acquired-by-betterplace-3656599267?position=47&pageNum=0&refId=uquKoReefXjnXWbl%2FTNisw%3D%3D&trackingId=iQPDyNCnPhhcvHMu4LIptg%3D%3D,LinkedIn
2025-05-07 22:08:15,Web Developer,Bangalore,Frontend Developer,Lrnr,"Bengaluru, Karnataka, India",https://in.linkedin.com/jobs/view/frontend-developer-at-lrnr-4166280167?position=48&pageNum=0&refId=uquKoReefXjnXWbl%2FTNisw%3D%3D&trackingId=c9ensdJ2ebh50vBhbK9CqA%3D%3D,LinkedIn
2025-05-07 22:08:15,Web Developer,Bangalore,JavaScript Developer,Cotocus,"Bengaluru, Karnataka, India",https://in.linkedin.com/jobs/view/javascript-developer-at-cotocus-4048237082?position=49&pageNum=0&refId=uquKoReefXjnXWbl%2FTNisw%3D%3D&trackingId=%2FxTzquI60MRgGS7aqFiEgA%3D%3D,LinkedIn
2025-05-07 22:08:15,Web Developer,Bangalore,Frontend Developer,Sodio Technologies,"Bengaluru, Karnataka, India",https://in.linkedin.com/jobs/view/frontend-developer-at-sodio-technologies-3656599280?position=50&pageNum=0&refId=uquKoReefXjnXWbl%2FTNisw%3D%3D&trackingId=bdk9kTo8qFpgVuDDp8N56Q%3D%3D,LinkedIn
2025-05-07 22:08:15,Web Developer,Bangalore,Software Frontend Developer,Spoonshot,"Bengaluru, Karnataka, India",https://in.linkedin.com/jobs/view/software-frontend-developer-at-spoonshot-4166274303?position=51&pageNum=0&refId=uquKoReefXjnXWbl%2FTNisw%3D%3D&trackingId=e6lKF0ZeYOPHGbwEJMixYg%3D%3D,LinkedIn
2025-05-07 22:08:15,Web Developer,Bangalore,Web Developer,Radius,"Bengaluru, Karnataka, India",https://in.linkedin.com/jobs/view/web-developer-at-radius-4166273141?position=52&pageNum=0&refId=uquKoReefXjnXWbl%2FTNisw%3D%3D&trackingId=GKkFYcuhSuF2LjA%2FApF2iw%3D%3D,LinkedIn
2025-05-07 22:08:15,Web Developer,Bangalore,Frontend Developer,TEANSoft,"Bengaluru, Karnataka, India",https://in.linkedin.com/jobs/view/frontend-developer-at-teansoft-3627617829?position=53&pageNum=0&refId=uquKoReefXjnXWbl%2FTNisw%3D%3D&trackingId=hzwsYMulVLPYg%2FS92ty6BA%3D%3D,LinkedIn
2025-05-07 22:08:15,Web Developer,Bangalore,"Software Engineer III, Full Stack, Infrastructure, YouTube",Google,"Bengaluru, Karnataka, India",https://in.linkedin.com/jobs/view/software-engineer-iii-full-stack-infrastructure-youtube-at-google-4197765938?position=54&pageNum=0&refId=uquKoReefXjnXWbl%2FTNisw%3D%3D&trackingId=59BYgQx1Mq4VcZ20nu5u7g%3D%3D,LinkedIn
2025-05-07 22:08:15,Web Developer,Bangalore,FrontEnd Developer,Picarro,"Bengaluru, Karnataka, India",https://in.linkedin.com/jobs/view/frontend-developer-at-picarro-4169637625?position=55&pageNum=0&refId=uquKoReefXjnXWbl%2FTNisw%3D%3D&trackingId=lqqOYxNzfMlrkzm7g9VYUw%3D%3D,LinkedIn
2025-05-07 22:08:15,Web Developer,Bangalore,Java full stack developer - Immediate Joiner,Tata Elxsi,"Bengaluru, Karnataka, India",https://in.linkedin.com/jobs/view/java-full-stack-developer-immediate-joiner-at-tata-elxsi-4205779269?position=56&pageNum=0&refId=uquKoReefXjnXWbl%2FTNisw%3D%3D&trackingId=JXRlJNYSeFKCRsKAFXbyvQ%3D%3D,LinkedIn
2025-05-07 22:08:15,Web Developer,Bangalore,Frontend Developer,SIMBO.AI,"Bengaluru, Karnataka, India",https://in.linkedin.com/jobs/view/frontend-developer-at-simbo-ai-4166268858?position=57&pageNum=0&refId=uquKoReefXjnXWbl%2FTNisw%3D%3D&trackingId=diw6d2bAduReNBAKw207mA%3D%3D,LinkedIn
2025-05-07 22:08:15,Web Developer,Bangalore,Frontend Developer,shopflo,"Bengaluru, Karnataka, India",https://in.linkedin.com/jobs/view/frontend-developer-at-shopflo-4060904426?position=58&pageNum=0&refId=uquKoReefXjnXWbl%2FTNisw%3D%3D&trackingId=g5PohAUv8aEqNwYh3IvM3A%3D%3D,LinkedIn
2025-05-07 22:08:15,Web Developer,Bangalore,Frontend Developer,HelloAR,"Bengaluru, Karnataka, India",https://in.linkedin.com/jobs/view/frontend-developer-at-helloar-4167591008?position=59&pageNum=0&refId=uquKoReefXjnXWbl%2FTNisw%3D%3D&trackingId=lMo0rPwDXdrVVfqqeJcVgQ%3D%3D,LinkedIn
2025-05-07 22:08:15,Web Developer,Bangalore,Frontend Developer,Tradyl,"Bengaluru, Karnataka, India",https://in.linkedin.com/jobs/view/frontend-developer-at-tradyl-4166270671?position=60&pageNum=0&refId=uquKoReefXjnXWbl%2FTNisw%3D%3D&trackingId=6Jru%2FxA0%2FB3ZXuVuhSAHlg%3D%3D,LinkedIn
2025-05-07 22:10:14,pornstar,lucknow,Pornstar Position,Netflix,Remote,https://jobs.netflix.com,Direct
2025-05-07 22:10:14,pornstar,lucknow,Pornstar Position,Apple,Remote,https://www.apple.com/careers,Direct
2025-05-07 22:10:14,pornstar,lucknow,Pornstar Position,Twitter,Remote,https://careers.twitter.com,Direct
2025-05-07 22:10:14,pornstar,lucknow,Pornstar Position,Adobe,"San Jose, CA",https://www.adobe.com/careers,Direct
2025-05-07 22:10:14,pornstar,lucknow,Pornstar Position,LinkedIn,Remote,https://careers.linkedin.com,Direct
2025-05-07 22:10:14,pornstar,lucknow,Pornstar Position,Amazon,"Seattle, WA",https://www.amazon.jobs,Direct
2025-05-07 22:10:14,pornstar,lucknow,Pornstar Position,Meta,Multiple Locations,https://www.metacareers.com,Direct
2025-05-07 22:10:14,pornstar,lucknow,Pornstar Position,Salesforce,Multiple Locations,https://www.salesforce.com/company/careers,Direct
2025-05-07 22:10:14,pornstar,lucknow,Pornstar Position,Google,Remote,https://careers.google.com,Direct
2025-05-07 22:10:14,pornstar,lucknow,Pornstar Position,Microsoft,Remote,https://careers.microsoft.com,Direct
2025-05-07 22:10:34,hjkl;lkjn,lucknow,Hjkl;Lkjn Position,Adobe,Remote,https://www.adobe.com/careers,Direct
2025-05-07 22:10:34,hjkl;lkjn,lucknow,Hjkl;Lkjn Position,Apple,Remote,https://www.apple.com/careers,Direct
2025-05-07 22:10:34,hjkl;lkjn,lucknow,Hjkl;Lkjn Position,Salesforce,Multiple Locations,https://www.salesforce.com/company/careers,Direct
2025-05-07 22:10:34,hjkl;lkjn,lucknow,Hjkl;Lkjn Position,Netflix,Multiple Locations,https://jobs.netflix.com,Direct
2025-05-07 22:10:34,hjkl;lkjn,lucknow,Hjkl;Lkjn Position,Amazon,Remote,https://www.amazon.jobs,Direct
2025-05-07 22:10:34,hjkl;lkjn,lucknow,Hjkl;Lkjn Position,LinkedIn,"Sunnyvale, CA",https://careers.linkedin.com,Direct
2025-05-07 22:10:34,hjkl;lkjn,lucknow,Hjkl;Lkjn Position,Meta,"Menlo Park, CA",https://www.metacareers.com,Direct
2025-05-07 22:10:34,hjkl;lkjn,lucknow,Hjkl;Lkjn Position,Google,Remote,https://careers.google.com,Direct
2025-05-07 22:10:34,hjkl;lkjn,lucknow,Hjkl;Lkjn Position,Microsoft,Remote,https://careers.microsoft.com,Direct
2025-05-07 22:10:34,hjkl;lkjn,lucknow,Hjkl;Lkjn Position,Twitter,"San Francisco, CA",https://careers.twitter.com,Direct
2025-05-07 22:10:51,s@ftware,lucknow,S@Ftware Position,Google,"Mountain View, CA",https://careers.google.com,Direct
2025-05-07 22:10:51,s@ftware,lucknow,S@Ftware Position,Salesforce,"San Francisco, CA",https://www.salesforce.com/company/careers,Direct
2025-05-07 22:10:51,s@ftware,lucknow,S@Ftware Position,Apple,"Cupertino, CA",https://www.apple.com/careers,Direct
2025-05-07 22:10:51,s@ftware,lucknow,S@Ftware Position,LinkedIn,Multiple Locations,https://careers.linkedin.com,Direct
2025-05-07 22:10:51,s@ftware,lucknow,S@Ftware Position,Meta,"Menlo Park, CA",https://www.metacareers.com,Direct
2025-05-07 22:10:51,s@ftware,lucknow,S@Ftware Position,Netflix,"Los Gatos, CA",https://jobs.netflix.com,Direct
2025-05-07 22:10:51,s@ftware,lucknow,S@Ftware Position,Adobe,Remote,https://www.adobe.com/careers,Direct
2025-05-07 22:10:51,s@ftware,lucknow,S@Ftware Position,Microsoft,Remote,https://careers.microsoft.com,Direct
2025-05-07 22:10:51,s@ftware,lucknow,S@Ftware Position,Twitter,"San Francisco, CA",https://careers.twitter.com,Direct
2025-05-07 22:10:51,s@ftware,lucknow,S@Ftware Position,Amazon,Remote,https://www.amazon.jobs,Direct
